City,Latitude,Longitude
A Coruña,43.3466447,-8.4127029
Aarhus,56.1496278,10.2134046
Abadia de Goiás,-16.7584,-49.4383
Aberdeen,57.1482429,-2.0928095
Abidjã,5.320357,-4.016107
Abu Dabi,24.4538352,54.3774014
Abuja,9.0643305,7.4892974
Acaraú,-2.8869514,-40.1194713
Acopiara,-6.0936464,-39.4543204
Acra,5.5571096,-0.2012376
Adelaide,-34.9281805,138.5999312
Adis Abeba,9.0358119,38.7524315
Adis-Ababa,9.0358119,38.7524315
Agadir,30.4205162,-9.5838532
Ahmedabad,23.0215374,72.5800568
Akita,39.6898802,140.342608
Alagoinhas,-12.133526,-38.420772
Albany,42.6511674,-73.754968
Alcalá de Henares - Madrid,40.481954,-3.363981
Alcântara,-2.4084996,-44.4174143
Alegre,-20.7625787,-41.5318886
Alegrete,-29.790166,-55.794862
Alicante,38.3436365,-0.4881708
Allschwil,47.5510799,7.5365611
Almeirim,-1.5290377,-52.5788111
Almeirim - Monte Dourado,0.7749785,-53.617834
Almirante Tamandaré,-25.3133048,-49.2997838
Alta Floresta,-9.8698547,-56.0834993
Altamira,43.3768445,-4.1197476
Alto Alegre,-28.7755582,-52.9915086
Alto Paraíso de Goiás,-14.1304779,-47.5100161
Amajari,3.6523869,-61.4194315
Amapá,1.3545442,-51.9161977
Ames - Iowa,42.0267567,-93.6170448
Amherst - Massachusetts,42.3731948,-72.5198761
Amritsar,31.6356659,74.8787496
Amsterdam,52.3730796,4.8924534
Amã,31.9515694,35.9239625
Ananindeua,-1.374035,-48.4016623
Anastácio,-20.737752,-55.8219708
Ancara,39.9207759,32.8540497
Anchorage,61.2163129,-149.894852
Angicos,-5.6666344,-36.6009064
Angra dos Reis,-23.0063966,-44.316326
Annecy,45.8992348,6.1288847
Antalya,36.8865728,30.7030242
Antananarivo,-18.9100122,47.5255809
Antigua,17.1037152,-61.7904505
Antofagasta,-23.6463741,-70.3980033
Abel Figueiredo,-4.953001,-48.3958485
Abre Campo,-20.295421,-42.480131
Albuquerque - Novo Mexico,35.0841034,-106.650985
Alesund,62.4802364,6.5550739
Alexandria,44.8349534,8.7450304
Alexandria - Luisiana,31.3119463,-92.4453558
Alghero,40.5587291,8.3153206
Amargosa,-13.0302189,-39.6040692
Ampére,-25.9168712,-53.4742414
Anápolis,-16.3332828,-48.9525756
Apuí,-7.1940195,-59.8830192
Aquidauana,-20.473969,-55.7821375
Aquiraz,-3.9063117,-38.387504
Aracaju,-10.9162061,-37.0774655
Aragarças,-15.987782,-52.2021352
Araguaiana,-15.729144,-51.834112
Araguari,-18.6511256,-48.1933764
Araguaína,-7.1936574,-48.2064645
Arapongas,-23.4152862,-51.4293961
Araras,-22.3569192,-47.3838766
Araçatuba,-21.207992,-50.4390225
Arequipa,-16.3988667,-71.5369607
Argel,36.7729333,3.0588445
Aripuanã,-10.175806,-59.4439663
Arlington - Virginia,38.8769326,-77.0893094
Armação dos Búzios,-22.7597805,-41.8875267
Artigas,43.0750389,0.0024053
Assunção,-25.2800459,-57.6343814
Astana,51.1159933,71.4677059
Atalaia do Norte,-4.3658547,-70.1908742
Atenas,37.9755648,23.7348324
Atlanta,33.7544657,-84.3898151
Auckland,-36.852095,174.7631803
Augusta - Geórgia,33.4709714,-81.9748429
Austin,30.2711286,-97.7436995
Aveiro,40.640496,-8.6537841
Açailândia,-4.9515026,-47.500732
Bagdá,33.3061701,44.3872213
Bagé,-31.3314264,-54.1062808
Bahia Blanca,-38.7176522,-62.2654871
Baku,40.3755885,49.8328009
Bali,-8.2271303,115.1919203
Balneário Camboriú,-26.9924395,-48.6339782
Baltimore - Maryland,39.2908816,-76.610759
Bamaco,12.649319,-8.000337
Bangalore,12.9767936,77.590082
Barbacena,-21.2254524,-43.7735087
Barcelona,41.3825802,2.177073
Barcelos,41.5314496,-8.6192306
Bari,41.1257843,16.8620293
Bariloche,-41.1334781,-71.3101474
Barra do Corda,-5.496823,-45.248496
Barra do Garças,-15.8915907,-52.2618392
Barranquilla,11.0101922,-74.8231794
Barreiras,-12.1440031,-44.9967406
Barreirinhas,-2.7541271,-42.8259693
Barretos,-20.5531437,-48.5697509
Barueri,-23.5112184,-46.8764612
Basel,47.5581077,7.5878261
Basiléia,47.5581077,7.5878261
Batatais,-20.892867,-47.592149
Bauru,-22.3173803,-49.0689778
Baía da Traição,-6.691258,-34.9371244
Beberibe,-4.1810469,-38.1298101
Beirute,33.8892265,35.5025585
Beja,38.0154479,-7.8650368
Bela Vista,-22.107327,-56.5317344
Belfast,54.596391,-5.9301829
Belgrado,44.8153318,20.4456588
Belize,17.1204943,-88.6859028
Belmopan,17.250199,-88.770018
Belo Horizonte,-19.9227318,-43.9450948
Belém,-1.45056,-48.4682453
Bento Gonçalves,-29.1656734,-51.5201166
Bergen,60.3943055,5.3259192
Berlim,52.5173885,13.3951309
Berna,46.9484742,7.4521749
Betim,-19.9703184,-44.206495
Bhubaneswar,20.2602964,85.8394521
Biarritz,43.4832523,-1.5592776
Bilbao,43.2630018,-2.9350039
Birmingham,52.4948994,-1.8518439
Bissau,11.861324,-15.583055
Blagnac,43.6343476,1.3986403
Blumenau,-26.9195567,-49.0658025
Boa Vista,2.8208478,-60.6719582
Boca do Acre,-8.7553487,-67.3930873
Bogotá,4.6533817,-74.0836331
Bologna,44.4938203,11.3426327
Bom Jesus da Lapa,-13.2827857,-43.1801952
Bonito,41.09772,15.001344
Bonn,50.7352621,7.1024635
Boon,44.289728,-85.602004
Borba,38.8057942,-7.4542105
Bordeaux,44.841225,-0.5800364
Boston,42.3588336,-71.0578303
Braga,41.5510583,-8.4280045
Bragança,41.5084468,-6.7733024
Bragança Paulista,-22.9520235,-46.5418586
Brasiléia,-11.0010413,-68.7487894
Brasília,-10.3333333,-53.2
Brasília de Minas,-16.239105,-44.3845091
Brazzaville,-4.2694407,15.2712256
Bremen,53.0758196,8.8071646
Brest,48.3905283,-4.4860088
Breu Branco,-3.7785073,-49.5684795
Breves,-1.68036,-50.479085
Bridgetown,13.0977832,-59.6184184
Brisbane,-27.4689623,153.0235009
Bristol,51.4538022,-2.5972985
Brodowski,-20.9862299,-47.6578768
Brusque,43.7676064,2.9490127
Bruxelas,50.8467372,4.352493
Bucaramanga,7.1669842,-73.1047294
Bucareste,44.4361414,26.102684
Budapeste,47.4978789,19.0402383
Buenos Aires,-34.6095579,-58.3887904
Bujumbura,-3.3638125,29.3675028
Buon Ma Thuot,12.6612624,108.0310213
Burbank - Califórnia,34.1812089,-118.307201
Busan,35.1799528,129.0752365
Buíque,-8.6239732,-37.157296
Cabedelo,-6.97324,-34.8351609
Cabo Frio,-22.7378309,-42.0240869
Cabo Verde,16.0000552,-24.0083947
Cachoeiro de Itapemirim,-20.848084,-41.11129
Cacoal,-11.4333,-61.4420502
Cagliari,39.2171994,9.113311
Caicó,-6.4594544,-37.0971911
Caiena,4.9371544,-52.3258736
Cairo,30.0443879,31.2357257
Cajamarca,-6.25,-78.833333
Calama,-22.4623917,-68.9272181
Caldas Novas,-17.745,-48.625
Calgary,51.0456064,-114.057541
Cali,3.4108435,-76.5812127
Camboriú,-27.0273601,-48.6535657
Cambridge - Massachusetts,42.3656347,-71.1040018
Cambridge - New York,43.007994,-73.4392637
Campina Grande,-7.2246743,-35.8771292
Campina do Monte Alegre,-23.5935653,-48.4801876
Campinas,-22.9056391,-47.059564
Campo Belo,-20.8975,-45.277223
Campo Grande,-20.4640173,-54.6162947
Campo Novo do Parecis,-13.658735,-57.890723
Campos dos Goytacazes,-21.7546,-41.3242
Canaã dos Carajás,-6.5296837,-49.8516592
Canberra,-35.2975906,149.1012676
Cancun,21.1527467,-86.8425761
Canela,-29.3447033,-50.7604149
Canoas,-29.9216045,-51.1799525
Cantão,23.1288429,113.2589581
Canutama,-6.5330019,-64.3834966
Caracas,10.5060934,-66.9146008
Carauari,-4.8766426,-66.8961433
Carlisle - Pensilvânia,40.201499,-77.1890783
Carmópolis,-10.64835,-36.98493
Cartum,15.5635972,32.5349123
Caruaru,-8.2829702,-35.9722852
Casablanca,33.5945144,-7.6200284
Cascavel,-24.9554996,-53.4560544
Castanhal,-1.2927031,-47.9223903
Castries,43.6779101,3.9868904
Catania,37.5023612,15.0873718
Caucaia,-3.771737,-38.7905693
Cavalcante,-13.7928414,-47.4568521
Caxias,-29.1685045,-51.1796385
Caxias do Sul,-29.1685045,-51.1796385
Caçapava,-23.099204,-45.707645
Ceará-Mirim,-5.633588,-35.4248407
Cedar Rapids - Iowa,41.9758872,-91.6704053
Champaign - Illinois,40.1164841,-88.2430932
Chandigarh,30.7334421,76.7797143
Chapada dos Guimarães,-15.464343,-55.749857
Chapecó,-27.0922364,-52.6166878
Charlottesville - Virgínia,38.029306,-78.4766781
Chennai,13.0836939,80.270186
Chetumal,18.5024381,-88.2957948
Chicago,41.8755616,-87.6244212
Christchurch,-43.530955,172.6364343
Chupinguaia,-12.5560308,-60.9035407
Churchill,58.7693101,-94.1736843
Cidade da Guatemala,14.6416142,-90.5132836
Cidade de Ho Chi Minh,10.7737261,106.7166008
Cidade do Cabo,-33.9288301,18.4172197
Cidade do México,19.3207722,-99.1514678
Cidade do Panamá,19.4623249,-99.1772423
Cingapura,-23.5094802,-46.6179687
Cleveland - Ohio,41.4996574,-81.6936772
Coari,-4.0885957,-63.1431166
Cochabamba,-17.4012458,-66.1675681
Coimbra,40.2111931,-8.4294632
Colatina,-19.5346732,-40.6287836
Colniza,-9.4560637,-59.2197132
Cologne,50.938361,6.959974
Colombo,6.9388614,79.8542005
Colorado Springs - Colorado,38.8339578,-104.825348
Columbus - Geórgia,32.4610708,-84.9880449
Columbus - Ohio,39.9622601,-83.0007065
Colônia - Renânia do Norte,50.938361,6.959974
Colúmbia - Carolina do Sul,34.000754,-81.0352313
Comayagua,14.4527976,-87.6379227
Conacri,9.5170602,-13.6998434
Concepción,-36.8270698,-73.0502064
Conde,-11.8129758,-37.6138705
Confins,-19.6278749,-43.9912311
Confresa,-10.643695,-51.569873
Congonhas,-20.5015168,-43.8564586
Conselheiro Lafaiete,-20.6596107,-43.785743
Contagem,-19.9132749,-44.0840953
Copenhague,55.6867243,12.5700724
Cordoba,37.8845813,-4.7760138
Corning - Nova Iorque,42.1435257,-77.0543408
Coroados,-21.3554634,-50.2853589
Coronel Fabriciano,-19.5200067,-42.6282686
Coronel João Pessoa,-6.2607263,-38.4425693
Correia Pinto,-27.587688,-50.361448
Corrientes,-29.0177384,-57.8869739
Corumbá,-19.0006027,-57.6507535
Costa Marques,-12.4367165,-64.2279765
Costa de Caparica,38.6445165,-9.2336068
Cotonou,6.3676953,2.4252507
Cotriguaçu,-9.9034364,-58.5658915
Cracóvia,50.0619474,19.9368564
Crateús,-5.2089469,-40.6674604
Criciúma,-28.6789941,-49.3695627
Cruz,-2.8851013,-40.3016492
Cruz Alta,-28.645056,-53.6058047
Cruz das Almas,-12.6722649,-39.1053665
Cruzeiro da Fortaleza,-18.9461873,-46.6738005
Cruzeiro do Sul,-29.5139742,-51.9917068
Cuenca,40.0661031,-2.1313528
Cuiabá,-15.5986686,-56.0991301
Curitiba,-25.4295963,-49.2712724
Curitibanos,-27.2900659,-50.5779683
Curralinho,-1.8137876,-49.7980165
Cuzco,-13.5169541,-71.9792712
Cáceres,39.4745175,-6.3716761
Cádiz,36.5297438,-6.2928976
DETROIT,42.3315509,-83.0466403
Daca,23.7643863,90.3890144
Dacar,14.693425,-17.447938
Daegu,35.8713,128.6018
Daejeon,36.3497007,127.3849016
Dallas,32.7762719,-96.7968559
Dar es Salaam,-6.8160837,39.2803583
Darwin,-12.46044,130.8410469
Dayton - Ohio,39.7589478,-84.1916069
Daytona Beach - Florida,29.2108147,-81.0228331
Dehradun,30.3255646,78.0436813
Delft,51.9994572,4.3627245
Deli,28.6328027,77.2197713
Denpasar,-8.6653349,115.2176191
Denver,39.7392364,-104.984862
Des Moines - Iowa,41.5868654,-93.6249494
Des Moines - Washington,47.398829,-122.3099093
Diamantina,-18.2440862,-43.6006487
Diamantino,-14.4036262,-56.4364488
Dili,-8.5536809,125.5784093
Dionísio Cerqueira,-26.2604681,-53.6346379
Djibuti,11.8145966,42.8453061
Doha,25.3108807,51.5081812
Dois Vizinhos,-25.7464681,-53.0554369
Dourados,-22.2206145,-54.812208
Dracena,-21.4835523,-51.5334408
Dschang,5.4469923,10.053309
Dubai,25.0742823,55.1885387
Dublin,53.3493795,-6.2605593
Dubrovnik,42.6491029,18.0939501
Duque de Caxias,-22.6429163,-43.3021266
Durban,-29.861825,31.009909
Düsseldorf,51.2254018,6.7763137
East Aurora - Nova Iorque,42.7689141,-78.6177611
Edimburgo,55.9533456,-3.1883749
Eirunepé,-6.6567654,-69.866161
El Paso - Texas,25.2018639,55.1529998
Eldorado do Carajás,-6.1029246,-49.3572487
Embu das Artes,-23.6495294,-46.8528497
Entebbe,0.0611715,32.4698564
Envira,-7.437889,-70.028143
Epitaciolândia,-11.0289439,-68.7411519
Erechim,-27.6350709,-52.2738654
Erice,38.0125951,12.5912419
Espoo,60.2049651,24.6559808
Estação Antártica Comandante Ferraz,-62.0842419,-58.390833
Estocolmo,59.3251172,18.0710935
Estrasburgo,48.584614,7.7507127
Eusébio,-3.893169,-38.463461
Faro,37.0162944,-7.935182
Farroupilha,-29.22647,-51.3468188
Fayetteville - Arkansas,36.0625843,-94.1574328
Fayetteville - Carolina do Norte,35.0525759,-78.878292
Feijó,-8.1648652,-70.3539579
Feira de Santana,-12.2578934,-38.9598047
Feliz Natal,-12.3802463,-54.9389793
Fernando de Noronha,-3.8537498,-32.4198018
Fernandópolis,-20.2825647,-50.2500762
Filadelfia - Pensilvânia,39.9527237,-75.1635262
Florencia,43.7697955,11.2556404
Florença,43.7697955,11.2556404
Floriano,-6.7675739,-43.022261
Florianópolis,-27.5973002,-48.5496098
Formosa,-24.5955306,-60.4289718
Forquilha,-3.799447,-40.263405
Fort Lauderdale,26.1223084,-80.1433786
Fort Leonard Wood - Missouri,37.70114,-92.1693303
Fort Worth - Texas,32.753177,-97.3327459
Fortaleza,-3.7932167,-38.5280359
Foz do Iguaçu,-25.5304023,-54.5830692
Francisco Beltrão,-26.0790979,-53.0533527
Frankfurt,50.1106444,8.6820917
Freising,48.4008273,11.7439565
Fukuoka,33.6251241,130.6180016
Gaborone,-24.6581357,25.9088474
Gainesville - Florida,29.6519684,-82.3249846
Gaithersburg - Maryland,39.1399187,-77.1929215
Gandhinagar,23.2232877,72.6492267
Garanhuns,-8.8905889,-36.4930896
Garibaldi,-29.2562253,-51.5269167
Gavião Peixoto,-21.8377536,-48.492853
Gazipur,22.4118338,88.2467986
Gaúcha do Norte,-13.18136,-53.2543946
Gdañsk,54.3482907,18.6540233
Genebra,46.2017559,6.1466014
General Câmara,-29.9059611,-51.7626198
Georgetown,6.8032561,-58.1455403
Glasgow,55.861155,-4.2501687
Goiandira,-18.1355157,-48.087163
Goianá,-21.5375,-43.2014
Goiás,-15.9323662,-50.1392928
Goiânia,-16.680882,-49.2532691
Gold Coast,-28.0023731,153.4145987
Goma,-1.6665685,29.225652
Gotemburgo,57.7072326,11.9670171
Governador Valadares,-18.8574155,-41.9439276
Gramado,-29.3792858,-50.8737019
Granada - Andaluzia,37.1734995,-3.5995337
Grand Forks - Dakota do Norte,47.9252104,-97.0306325
Grand Rapids - Michigan,42.9632425,-85.6678639
Graz,47.0708678,15.4382786
Grenoble,45.1875602,5.7357819
Gronau,52.0841729,9.7751956
Guadalajara,20.6720375,-103.338396
Guajará-Mirim,-10.7804239,-65.3327825
Guanambi,-14.223066,-42.779943
Guangzhou,23.1288429,113.2589581
Guarapuava,-25.3950986,-51.4622016
Guaratinguetá,-22.8057839,-45.1908926
Guarulhos,-23.4675941,-46.5277704
Guayaquil,-2.1900572,-79.8868669
Guaíba,-30.1130731,-51.329442
Guaíra,-24.0851924,-54.2567519
Gurupi,-11.72794,-49.068046
HARRISBURG - PENSILVÂNIA,40.2663107,-76.8861122
Haia,46.9741096,0.6995098
Hamamatsu,34.7109786,137.7259431
Hamburgo,53.5501721,10.0013165
Hannover,52.3744779,9.7385532
Hanói,21.0283334,105.854041
Harare,-17.8567035,31.0601584
Hartford,41.764582,-72.6908547
Havana,23.135305,-82.3589631
Helsinki,60.1666204,24.9435408
Heráklion,31.302979,30.120813
Hilo - Havaí,19.6854458,-155.1003754
Hong Kong,22.2818333,114.1582831
Honolulu,21.304547,-157.855676
Hortolândia,-22.8620175,-47.2164219
Houston,29.7589382,-95.3676974
Humaitá,-27.5660564,-53.9719817
Huntsville - Alabama,34.729847,-86.5859011
Hyderabad,17.360589,78.4740613
Iaundê,3.8689867,11.5213344
Ibagué,4.4386033,-75.2108857
Ibiza,38.9743901,1.4197463
Iereván,40.1777112,44.5126233
Ilhas Cayman,19.7031822,-79.9174627
Ilhas Galápagos,27.7591046,-15.5663595
Ilhéus,-14.792599,-39.0453843
Ilmenau,50.6867695,10.9142385
Imperatriz,-5.5269279,-47.478115
Incheon,37.456,126.7052
Indaiatuba,-23.0908356,-47.2180677
Indianapolis,39.7683331,-86.1583502
Indore,22.7203616,75.8681996
Innsbruck,47.2654296,11.3927685
Inválido,44.3159442,7.5946086
Ipatinga,-19.4777807,-42.5270802
Iperó,-23.3508977,-47.687611
Ipixuna,-7.0502834,-71.691232
Ipojuca,-8.3980773,-35.0611068
Iquique,-20.2140657,-70.1524646
Iquitos,-3.749365,-73.2444145
Iracemápolis,-22.5869091,-47.5160966
Islamabad,33.6938118,73.0651511
Istambul,41.006381,28.9758715
Itabaiana,-7.3299566,-35.3359995
Itabuna,-14.793173,-39.2750341
Itacoatiara,-3.1477898,-58.4461041
Itaguaí,-22.8122697,-43.823563
Itaituba,-4.2625218,-55.9878139
Itajaí,-26.9046787,-48.6552979
Itamarajú,-17.0340092,-39.5315525
Itamarati,-6.4385189,-68.2437385
Itapema,-27.09472,-48.6137778
Itapira,-22.436111,-46.821667
Itapiranga,-27.1724236,-53.7118989
Itati,-29.4918877,-50.102071
Itatiba,-23.0055542,-46.8397726
Itatuba,-7.3758509,-35.626495
Ithaca - Nova Iorque,42.4374175,-76.5483724
Itu,-23.2637798,-47.2998462
Ituiutaba,-18.9691887,-49.4639335
Izmir,38.4192537,27.128469
JACKSON HOLE,37.5115171,-88.6102995
Jaboatão dos Guararapes,-8.1752476,-34.9468716
Jacareacanga,-6.2196518,-57.758625
Jacarta,-6.1754049,106.827168
Jacinto,-16.143722,-40.2914847
Jacksonville,30.3262247,-81.6579179
Jaguariúna,-22.70374,-46.985062
Jaguaruna,-28.6237365,-49.0288664
Jammu,32.7185614,74.8580917
Janaúba,-15.8103735,-43.3052119
Japurá,-23.469273,-52.55572
Jaraguá do Sul,-26.4897432,-49.0778063
Jardim,-7.5838966,-39.279713
Jardim de Piranhas,-6.3796347,-37.3495566
Jaru,-10.431826,-62.478769
Jedá,60.1594013,24.7742655
Jerusalém,31.7788472,35.2257856
Ji-Paraná,-10.8778148,-61.9277854
Jijoca de Jericoacoara,-2.8986278,-40.4506081
Joaçaba,-27.1737204,-51.5065214
Joca Claudino,-6.4832147,-38.478874
Johannesburg,-26.205,28.049722
Johnson City - New York,42.1157038,-75.9587873
Joinville,48.4433253,5.1377537
Jordão,32.4010093,35.5607928
João Pessoa,-7.1215981,-34.882028
Juazeiro,-9.5137512,-40.3078985
Juazeiro do Norte,-7.2153453,-39.3153336
Juba,4.8459246,31.5959173
Juiz de Fora,-21.7609533,-43.3501129
Juscimeira,-16.0517819,-54.8893514
Juína,-11.4230908,-58.7570212
Kalamazoo - Michigan,42.291707,-85.5872286
Kansa City,39.0166686,-96.8643142
Kansas City - Missouri,39.100105,-94.5781416
Karlstad,59.3809146,13.5027631
Katmandu,27.708317,85.3205817
Keflavík,63.9997694,-22.5565373
Key West,24.5548262,-81.8020722
Kingston,17.9712148,-76.7928128
Kingstown,13.1561864,-61.2279621
Kinshasa,-4.3196982,15.3424196
Knoxville,35.9603948,-83.9210261
Koror,7.2259863,134.131234
Krabi,8.1111653,99.1097298
Kuaite,29.2733964,47.4979476
Kuala Lumpur,3.1516964,101.6942371
La Paz,-16.4955455,-68.1336229
La Plata,-34.9206797,-57.9537638
La Serena,-29.902705,-71.2519575
Labuan Bajo,-8.4944201,119.8855688
Lagarto,-14.6930882,-75.1140362
Lages,-27.8165664,-50.325883
Lagoa Santa,-19.6357376,-43.8966132
Lagoa da Confusão,-10.7883045,-49.6224431
Lagos,6.4550575,3.3941795
Laguna,14.1696476,121.3336526
Lajeado,-29.4671522,-51.9624046
Larnaca,34.9236095,33.6236184
Las Palmas de Gran Canaria,28.1288694,-15.4349015
Las Vegas,36.1674263,-115.1484131
Lauro de Freitas,-12.89242,-38.3127691
Lawton - Oklahoma,34.6051975,-98.3952279
Leesville - Luisiana,31.1431257,-93.2651126
Leicester,52.6362,-1.1331969
Leipzig - Saxônia,51.3406321,12.3747329
Lelystad,52.536681,5.3610435
Lethem,3.3749987,-59.7958674
Libreville,0.4086518,9.4418849
Lille,50.6365654,3.0635282
Lilongue,-13.9875107,33.768144
Lima,-12.0459808,-77.0305912
Limeira,-22.5615068,-47.401766
Linköping,58.4098135,15.6245252
Lins,48.3059078,14.286198
Linz,48.3059078,14.286198
Lisboa,38.7077507,-9.1365919
Liubliana,46.0500268,14.5069289
Lomé,6.130419,1.215829
Londres,51.5074456,-0.1277653
Londrina,-23.4761271,-51.1179013
Longueuil,45.521906,-73.4644578
Lorena,-22.7367652,-45.1070876
Los Angeles,34.0536909,-118.242766
Louisville,38.2542376,-85.759407
Luanda,-8.8272699,13.2439512
Lubbock - Texas,33.5855677,-101.8470215
Lucas do Rio Verde,-13.0664609,-55.9196711
Lusaca,-15.4163395,28.2818414
Luxemburgo,49.8158683,6.1296751
Luxor,25.702096,32.647186
Luís Gomes,-6.4141793,-38.3872939
Lviv,49.841952,24.0315921
Lyon,45.7578137,4.8320114
Lábrea,-7.2613683,-64.7924505
Maastricht,50.8579855,5.6969882
Macapá,0.0401529,-51.0569588
Macaé,-22.3712958,-41.7866922
Macaíba,-5.8561372,-35.3523774
Maceió,-9.6476843,-35.7339264
Madison - Wisconsin,-37.8130864,-72.6744963
Madri,25.049132,81.3775511
Malabo,3.741877,8.7740663
Malê,4.5693754,102.2656823
Manama,26.2235041,50.5822436
Manaus,-3.1316333,-59.9825041
Manchester,53.4424618,-2.2324547
Mangaratiba - Itacuruçá,-22.9416227,-43.8944726
Manhattan - Kansas,39.1836082,-96.5716694
Manicoré,-5.804618,-61.289483
Manilla,14.5904492,120.9803621
Manágua,12.1547116,-86.273725
Maputo,-25.966213,32.56745
Mar Del Plata,-37.9976168,-57.5482079
Marabá,-5.3462821,-49.1007401
Maragogi,-9.0118278,-35.222512
Marburgo,46.5576439,15.6455854
Marechal Thaumaturgo,-8.9479792,-72.7872614
Mariana,-20.3778311,-43.4163272
Marignane,43.4162193,5.2145269
Maringá,-23.425269,-51.9382078
Marseille,43.2963986,5.3777888
Marília,-22.2172002,-49.9500061
Mascate,23.6123628,58.5938134
Mato Grosso,-12.2115009,-55.5716547
Matupá,-10.1683242,-54.9346194
Maués,-3.3795798,-57.7196072
Medellín,6.2697324,-75.6025597
Melbourne,-37.8142454,144.9631732
Melgar,-14.6676462,-70.684082
Mendoza,-34.5970325,-68.7304797
Miami,25.7741566,-80.1935973
Miguel Pereira,-22.5309482,-43.5166051
Milão,45.4641943,9.1896346
Mindelo,16.8873057,-24.9864064
Minneapolis,44.9772995,-93.2654692
Minsk,53.9024716,27.5618225
Monte Alegre,-1.9989108,-54.0727694
Monterrey,25.6802019,-100.315258
Montes Claros,-16.7495727,-43.8687268
Montes Claros de Goiás,-16.0059459,-51.3978781
Montevidéu,-34.9058916,-56.1913095
Montgomery - Alabama,32.3777111,-86.3090775
Montpellier,43.6112422,3.8767337
Montreal,45.5031824,-73.5698065
Montreux,46.4310831,6.9129921
Moscou,55.625578,37.6063916
Mossoró,-5.1904332,-37.3443872
Mozarlândia,-14.7457049,-50.5713211
Mucajaí,2.4486084,-60.9199986
Mumbai,19.054999,72.8692035
Munique,48.1371079,11.5753822
Málaga,36.7647913,-4.4422005
Mâncio Lima,-7.6145911,-72.905264
Mérida,38.9543062,-6.3504832
NOVA IORQUE,40.7127281,-74.0060152
Nadi,-17.7992725,177.4178549
Nagasaki,33.1154683,129.7874339
Nagoya,35.1851045,136.8998438
Nairóbi,-1.302398,36.8288509
Nampula,-14.966969,39.2707752
Nantes,47.2186371,-1.5541362
Narita,35.7767683,140.3183376
Nashville,36.1622767,-86.7742984
Nassau,25.0782266,-77.3383438
Natal,-5.805398,-35.2080905
Navegantes,-26.8898813,-48.6495828
Nay Pyi Taw,19.7753289,96.1032552
Ndiass,15.1213063,-16.5400234
Neiva,2.9257038,-75.2893937
Ness Ziona,31.9295577,34.7990609
Neuquén,-38.8502546,-69.832275
New Hampshire,43.4849133,-71.6553992
New Orleans,29.9561422,-90.0733934
Newark - New Jersey,40.735657,-74.1723667
Newburgh - New York,41.5000767,-74.0098299
Newport News,36.9775016,-76.42977
Niamei,13.524834,2.109823
Nice,43.7009358,7.2683912
Nicósia,35.1746503,33.3638783
Nioaque,-21.1605528,-55.8283423
Niterói,-22.8884,-43.1147
Norfolk-Virginia,36.8493695,-76.2899539
Nouakchott,18.0792379,-15.9780071
Nova Delhi,28.6138954,77.2090057
Nova Londrina,-22.7633621,-52.9875908
Nova Mutum,-13.8255015,-56.0849262
Nova York,40.7127281,-74.0060152
Novato - Califórnia,38.1061979,-122.5681191
Novo Aripuanã,-5.125929,-60.373179
Novo Hamburgo,-29.6905705,-51.1429035
Novo Progresso,-7.0374884,-55.4185904
Nukualofa,-21.1343401,-175.201808
Nuremberg,49.453872,11.077298
Nursultan,51.1282205,71.4306682
Nápoles,40.8358846,14.2487679
Oeiras do Pará,-2.0040813,-49.8596065
Oiapoque,3.8432128,-51.8350798
Oklahoma,34.9550817,-97.2684063
Olinda,-7.9986401,-34.8459552
Olímpia,37.7713661,21.7434171
Omaha - Nebraska,41.2587459,-95.9383758
Oriximiná,-1.7669992,-55.868285
Oriximiná - Porto Trombetas,-1.466592,-56.378979
Orlando,28.5421218,-81.379045
Orly,48.7431683,2.402391
Osaka,34.6937569,135.5014539
Osasco,44.8493681,7.3432431
Oslo,59.9133301,10.7389701
Osorno,42.4106725,-4.3609815
Ottawa,45.4208777,-75.6901106
Ouro Preto,-20.3856712,-43.5036166
Pacajá,-3.8354195,-50.6399248
Pacaraima,4.4787884,-61.1389799
Pacatuba,-3.9841,-38.6180383
Padre Bernardo,-15.1676411,-48.2840561
Palermo,38.1112268,13.3524434
Palhoça,-27.6447774,-48.6646323
Palmas,-10.1837852,-48.3336423
Palmeira dos Índios,-9.4076249,-36.6323616
Palmeiras de Goiás,-16.8102393,-49.9234165
Panama City - Florida,30.1586518,-85.6602936
Pantnagar,29.028405,79.4832094
Paracambi,-22.6198963,-43.7282043
Paracatu,-17.2174056,-46.8707514
Paragominas,-2.99564,-47.3548942
Paramaribo,5.8241764,-55.1662813
Paranaguá,-25.5148822,-48.5226695
Paranatinga,-14.4297856,-54.0503432
Parauapebas,-6.0696846,-49.8903283
Parauapebas/Carajás,-6.0705333,-50.0679411
Paraíso do Tocantins,-10.1752474,-48.886759
Pardubice,50.0385812,15.7791356
Parintins,-2.6344567,-56.7319324
Paris,48.8588897,2.320041
Parnamirim,-5.9153334,-35.2679913
Parnaíba,-2.9147515,-41.7661953
Passo Fundo,-28.2550598,-52.3966606
Passos,-20.7167803,-46.6156864
Pasto,1.2140275,-77.2785096
Pato Branco,-26.2295984,-52.6712474
Patos,-7.0258285,-37.2766817
Pau - Pirenéus Atlânticos,43.2957547,-0.3685668
Pau dos Ferros,-6.1124964,-38.2062628
Paulo Afonso,-9.3998562,-38.2172818
Pedro Leopoldo,-19.617778,-44.043055
Pelotas,-31.7699736,-52.3410161
Penedo,-10.2872341,-36.5819262
Pensacola - Florida,30.421309,-87.2169149
Pequim,39.9057136,116.3912972
Pereiro,-6.046269,-38.4604192
Perth,-31.9558967,115.8605784
Petrolina,-9.3817334,-40.4968875
Petrópolis,-22.3880004,-43.1752593
Petrópolis - Itaipava,-22.4127,-43.1421
Phnom Penh,11.5730391,104.857807
Phoenix,33.4484367,-112.074141
Phuket,7.9366015,98.3529292
Picos,-7.0823544,-41.4685053
Pindamonhangaba,-22.9364,-45.4622602
Piquete,-22.6138451,-45.1777096
Piracicaba,-22.725165,-47.6493269
Pirassununga,-21.9980468,-47.4280861
Pisa,43.4714722,10.6797912
Pistoia,43.9740957,10.8687081
Pittsburgh,40.4406968,-80.0025666
Piura,-5.0,-80.333333
Podgorica,42.4415238,19.2621081
Pomerode,-26.7356218,-49.1770095
Ponta Delgada - São Miguel - Açores,37.7431465,-25.7012684
Ponta Grossa,-25.0891685,-50.1601812
Ponta Porã,-22.5286917,-55.723426
Ponta Porã - Sanga Puitã,-22.6544156,-55.5917445
Popayán,2.4431455,-76.5463299
Porangatu,-13.444663,-49.1423569
Port Elizabeth,-33.9618598,25.6186731
Port of Spain,10.6572678,-61.5180173
Portland,45.5202471,-122.674194
Porto,41.1502195,-8.6103497
Porto Alegre,-30.0324999,-51.2303767
Porto Alegre do Norte,-10.8792851,-51.6391975
Porto Feliz,-23.2110713,-47.5247163
Porto Príncipe,18.547327,-72.3395928
Porto Seguro,-16.443473,-39.064251
Porto União,-26.2336416,-51.082771
Porto Velho,-8.7494525,-63.8735438
Porto Velho - Calama,-8.0225772,-62.8731631
Porto Velho - Extrema,-9.653173,-66.2351356
Porto Velho - Jaci Paraná,-9.2580409,-64.4069831
Porto Velho - Mutum Paraná,-9.682132,-64.7990001
Porto Walter,-8.2687722,-72.7444458
Porto de Moz,-1.7502089,-52.235556
Portoroz,45.5146489,13.5910112
Potsdam,52.4009309,13.0591397
Poços de Caldas,-21.7900318,-46.5647928
Praga,50.0874654,14.4212535
Praia,14.9162811,-23.5095095
Praia Grande,-24.008979,-46.4144939
Presidente Dutra,-11.2959181,-41.9871566
Presidente Getúlio,-27.0426247,-49.6210429
Presidente Prudente,-22.1225167,-51.3882528
Presidente Venceslau,-21.877116,-51.8451047
Pretória,-25.7459277,28.1879101
Pristina,42.6638771,21.1640849
Propriá,-10.212427,-36.8372254
Providenciales,21.8020614,-72.3004456
Província de Brindisi,40.6358599,17.6884975
Província de Vicenza,-29.8973768,-71.2639856
Puerto Iguazu,-25.6107508,-54.5764199
Puerto Montt,-41.471798,-72.9395915
Pune,18.5213738,73.8545071
Punta Arenas,-53.1625688,-70.907822
Punta Cana,18.556551,-68.3691611
Punta del Este,-34.9632342,-54.9439981
Pusignan,45.7561,5.06785
Pádua,45.391408,11.8058487
Quebec,52.4760892,-71.8258668
Queenstown,-45.0321923,168.661
Querétaro,20.8052225,-99.8837376
Quigali,-1.9534357,30.1140089
Quito,-0.2201641,-78.5123274
Rabat,34.0218454,-6.8408929
Raleigh - Carolina do Norte,35.7803977,-78.6390989
Recife,-8.0584933,-34.8848193
Redenção,-4.2243979,-38.7278461
Regeneração,-6.231855,-42.6860897
Reno - Nevada,39.5285265,-119.8114328
Renton-Washington,47.4799078,-122.2034496
Resende,-22.4683626,-44.4463494
Resistencia,-27.6048829,-59.1932003
Riad,24.638916,46.7160104
Ribeirão Pires,-23.7134177,-46.4160929
Ribeirão Preto,-21.1776315,-47.8100983
Richmond - Virginia,37.5385087,-77.43428
Riga,56.9493977,24.1051846
Rio Branco,-9.9765362,-67.8220778
Rio Claro,-22.4100108,-47.5603933
Rio Grande,29.74434,-102.67467
Rio Novo,-21.4753189,-43.1250813
Rio Verde,-17.7921255,-50.9191219
Rio de Contas,-13.5803333,-41.8112152
Rio de Janeiro,-22.9110137,-43.2093727
Rivera,45.1147797,7.4137652
Roanoke - Virgínia,37.270973,-79.9414313
Rochester - Nova Iorque,43.157285,-77.615214
Rockville - Maryland,39.0817985,-77.1516844
Rolim de Moura,-11.727071,-61.771411
Roma,41.8933203,12.4829321
Rondonópolis,-16.4603533,-54.6397099
Rorainópolis,0.9387308,-60.4236464
Rosario,-32.9593609,-60.6617024
Sabará,-19.8900372,-43.8107916
Sacramento - California,38.5810606,-121.493895
Saint John's,47.5646794,-52.7066964
Saint Louis - Missouri,38.6254063,-90.190009
Saint Paul - Minnesota,44.9497487,-93.0931028
Saint Petersburg,59.9606739,30.1586551
Sal,46.8244271,16.285766
Salima,-13.7628984,34.45237
Salinas,36.6744117,-121.655037
Salinópolis,-0.6259282,-47.3442819
Salt Lake City - Utah,40.7596198,-111.886797
Salta,-25.2269908,-64.5911956
Salto de Pirapora,-23.6492502,-47.5729465
Salto del Guairá,-24.0616604,-54.305644
Salvador,13.8000382,-88.9140683
Salzburgo,47.7981346,13.0464806
San Antonio,29.4246002,-98.4951405
San Diego Califórnia,32.7174202,-117.162772
San Francisco - Califórnia,37.7879363,-122.4075201
San Jose,37.3361663,-121.890591
San José,9.9327707,-84.0796144
San Juan,18.384239,-66.05344
San Juan - Metro Manila,14.6044363,121.0299469
San Luis,38.6254063,-90.190009
San Miguel de Tucumán,-26.8303703,-65.2038133
San Pedro Sula,15.5053535,-88.0250839
San Salvador,13.697629,-89.191156
San Salvador de Jujuy,-24.1852569,-65.2994789
San Sebastián,43.3224219,-1.9838889
Sananduva,-27.9499376,-51.8074435
Santa Barbara - California,34.4221319,-119.702667
Santa Cruz,28.467178,-16.2507843
Santa Cruz de la Sierra,-17.7834217,-63.1820853
Santa Cruz do Sul,-29.714209,-52.4285807
Santa Fé,35.6876096,-105.938456
Santa Isabel do Rio Negro,-0.4160389,-65.0153096
Santa Maria,-29.6860512,-53.8069214
Santa Marta,11.2320944,-74.1950916
Santa Rita do Sapucaí,-22.2486968,-45.7064507
Santa Rosa,38.4404925,-122.7141049
Santa Rosa do Purus,-9.4354872,-70.4926109
Santana de Parnaíba,-23.4446715,-46.9167722
Santana do Araguaia,-9.3348334,-50.3427734
Santana do Livramento,-30.8894097,-55.5317694
Santarém,39.2363637,-8.6867081
Santiago,9.8694792,-83.7980749
Santiago de Compostela,42.9064576,-8.5192983
Santiago de Querétaro,20.5922997,-100.3917424
Santo André,-23.6533509,-46.5279039
Santo Domingo de Guzmán,18.4713858,-69.8918436
Santo Ângelo,-28.3000481,-54.2669971
Santos,-23.9609448,-46.3166316
Santos Dumont,-21.4561459,-43.5522734
Sapucaia do Sul,-29.8197019,-51.1608722
Sarajevo,43.8570713,18.4126147
Saskatoon,52.131802,-106.660767
Savannah - Georgia,32.0790074,-81.0921335
Seattle,47.6038321,-122.330062
Senador Canedo,-16.7013233,-49.0914921
Seropédica,-22.751834,-43.7082554
Serra,39.6851966,-0.4281287
Serra Talhada,-7.9867805,-38.2920294
Serra do Ramalho,-13.5442363,-43.5773151
Sertãozinho,-21.1375782,-47.9913741
Sete Lagoas,-19.466111,-44.246944
Setúbal,38.5241783,-8.8932341
Seul,37.5666791,126.9782914
Sevilha,37.3886303,-5.9953403
Shannon,37.1498052,-91.4328245
Sharm el-Sheikh,27.8644422,34.295447
Siena,43.1672059,11.467561
Simões Filho,-12.7867839,-38.4030365
Sinop,41.6476377,34.9560137
Sobral,-3.8565437,-40.0438895
Sofia,42.6977028,23.3217359
Sorocaba,-23.5003451,-47.4582864
Sorriso,-12.5444887,-55.7233972
Sousa,-6.7662029,-38.2319607
Springfield - Missouri,37.2081729,-93.2922715
State College - Pensilvania,40.7944504,-77.8616386
Stavanger,58.9699675,5.7318101
Stockport - Cheshire,53.3788791,-2.2259379
Stuttgart,48.7784485,9.1800132
Sucre,-19.0477251,-65.2594306
Suffolk - Virgínia,36.7281341,-76.5834683
Surakarta,-7.5692489,110.828448
Surat,21.2094892,72.8317058
Sydney,-33.8698439,151.2082848
Syracuse - Nova Iorque,43.0481221,-76.1474244
SÃO FRANCISCO,37.7879363,-122.4075201
São Bento do Una,-8.5196562,-36.4454372
São Bernardo do Campo,-23.7080345,-46.5506747
São Borja,-28.6592237,-56.0044295
São Caetano do Sul,-23.6195923,-46.5688323
São Carlos,-22.0180395,-47.891154
São Félix do Araguaia,-11.6170646,-50.6667246
São Félix do Xingu,-6.6386974,-51.9787582
São Gabriel,-30.334214,-54.3227149
São Gabriel da Cachoeira,-0.1249715,-67.0813855
São Gonçalo do Amarante,-3.6099755,-38.9687182
São José,-27.6157733,-48.6276491
São José da Lapa,-19.6988548,-43.9583194
São José de Mipibu,-6.0746867,-35.2370184
São José do Rio Pardo,-21.595288,-46.887303
São José do Rio Preto,-20.8125851,-49.3804212
São José dos Campos,-23.1867782,-45.8854538
São José dos Pinhais,-25.533816,-49.2072163
São João Del Rei,-21.1335755,-44.2588086
São João da Baliza,0.951659,-59.913293
São João da Barra,-21.7649506,-41.0961685
São Leopoldo,-29.7544405,-51.1516497
São Luís,-2.5295265,-44.2963942
São Luís Gonzaga do Maranhão,-4.3727458,-44.6690368
São Mateus,-18.7146049,-39.8539499
São Mateus do Sul,-25.866823,-50.382796
São Miguel do Oeste,-26.7278977,-53.5176689
São Paulo,-23.5506507,-46.6333824
São Paulo - São Miguel,-23.4948785,-46.4390788
São Pedro,-29.6152729,-54.1790311
São Raimundo Nonato,-9.0149761,-42.6888427
São Roque,-23.5304843,-47.1355473
São Roque de Minas,-20.245277,-46.365833
São Sebastião da Boa Vista,-1.7182884,-49.5319955
São Tomé,0.3389242,6.7313031
São Vicente,-23.9664177,-46.3861401
Sønderborg,54.9089186,9.7897999
Tabatinga,-21.7373768,-48.6880522
Taipei,25.0375198,121.5636796
Tallahassee - Flórida,30.4380832,-84.2809332
Tallin,59.437242,24.7572693
Tampa,27.9449854,-82.4583107
Tangará da Serra,-14.6213903,-57.4907268
Tanguá,-22.7353777,-42.7202272
Tanjung Pandan,-5.086735,105.089721
Tapauá,-5.6232283,-63.1879157
Taquari,-29.7942136,-51.8647988
Tarapoto,-6.4877198,-76.3598708
Tarauacá,-8.1602019,-70.7665368
Tarija,-21.583333,-63.833333
Tashkent,41.3123363,69.2787079
Tatuí,-23.3489848,-47.8490165
Taubaté,-23.031448,-45.5612792
Tbilisi,41.6934591,44.8014495
Teerã,35.6892523,51.3896004
Tefé,-3.3485276,-64.7102278
Tegucigalpa,14.1058135,-87.2047053
Teixeira de Freitas,-17.5384774,-39.7451701
Telavive,-14.4190685,-53.1200192
Telêmaco Borba,-24.3282939,-50.6318021
Temuco,-38.7358908,-72.590538
Teresina,-5.0874608,-42.8049571
Teresópolis,-22.2978038,-42.8646411
Teófilo Otoni,-17.8579267,-41.5081533
Thessaloniki,40.6403167,22.9352716
Tijuana,32.5317397,-117.019529
Timmins,48.477473,-81.330414
Timóteo,-19.5771395,-42.6436108
Tirana,41.3281482,19.8184435
Toledo,39.8558913,-4.024265
Toledo - Ohio,41.6529143,-83.5378173
Tonantins,-2.86261,-67.7735482
Toronto,43.6534817,-79.3839347
Toulouse,43.6044638,1.4442433
Toyama,36.6468015,137.2183531
Trondheim,63.4304475,10.3952118
Três Barras,-26.1693524,-50.2451914
Três Corações,-21.695625,-45.2543675
Três Lagoas,-20.7866799,-51.7061247
Tubarão,-28.471488,-49.014132
Tucson - Arizona,32.2228765,-110.974847
Tucuman,-27.0448424,-65.3657954
Tucuruí,-3.766334,-49.6663654
Turin,45.0677551,7.6824892
Tóquio,35.6768601,139.7638947
Túnis,33.8439408,9.400138
Uagadugu,12.3681873,-1.5270944
Uberaba,-19.750833,-47.936666
Uberlândia,-18.9188041,-48.2767837
Udaipur,24.578721,73.6862571
Uiramutã,4.5958269,-60.1624807
Ulan-Bator,47.9184676,106.9177016
Umea,63.8256568,20.2630745
Umuarama,-23.7621152,-53.3116192
União da Vitória,-26.228596,-51.0869796
Uppsala,59.8586126,17.6387436
Uruaçu,-14.5244164,-49.1510022
Uruguaiana,-29.7560726,-57.0867546
Ushuaia,-54.807306,-68.3084133
Vadodara,22.2973142,73.1942567
Valdivia,-39.8141262,-73.2459859
Valencia,39.4697065,-0.3763353
Valinhos,-22.97056,-46.99583
Valladolid,41.6200024,-4.7259906
Vancouver,49.2608724,-123.113952
Varanasi,25.3356491,83.0076292
Varginha,-21.5565914,-45.4340674
Varsóvia,52.2319581,21.0067249
Veneza,45.4046171,12.3105232
Veracruz,19.333333,-96.666667
Verona,45.4424977,10.9857377
Viana,42.5154725,-2.3713437
Victoria,-36.5986096,144.6780052
Victoria Falls,-17.922895,25.8476849
Viena,48.2083537,16.3725042
Vila Velha,-20.3297037,-40.2920174
Vilhena,-12.7368536,-60.1465555
Villavicencio,4.1114595,-73.4967836
Vilnius,54.6870458,25.2829111
Visakhapatnam,17.6935526,83.2921297
Vitória,-36.5986096,144.6780052
Vitória Brasil,-20.1978821,-50.4847947
Vitória da Conquista,-14.8567487,-40.8414804
Viçosa,-20.7538586,-42.8815888
Várzea Grande,-15.645816,-56.132218
WAVRE,50.7169694,4.610416
Washington,38.8950982,-77.0363849
Wellington,-41.2887953,174.7772114
West Sussex,51.0,-0.416667
Wichita,37.6922361,-97.3375448
Wilmington - Delaware,39.7459468,-75.546589
Windhoek,-22.5776104,17.0772739
Winnipeg,49.8955367,-97.1384584
Xangai,31.2312707,121.4700152
Xanxerê,-26.8810171,-52.3846548
Xinguara,-7.0998514,-49.9416632
Yangon,16.7967129,96.1609916
Yogyakarta,-7.7953473,110.3672845
Yokohama,35.4503381,139.6343802
Zagreb,45.8130967,15.9772795
Zanzibar,-6.0999709,39.3209535
Zaragoza,41.6915847,-0.9101268
Zurique,47.3744489,8.5410422
Água Boa,-17.9956411,-42.3899261
Águas de Lindóia,-22.4718855,-46.6291034
Águas de São Pedro,-22.6000681,-47.8750887
Óbidos,39.3619514,-9.157153
Antuérpia,51.2211097,4.3997081
Aparecida de Goiânia,-16.8226769,-49.2452546
Apia,-13.8345235,-171.7630955
Appleton - Wisconsin,44.2613967,-88.4069744
Aracruz,-19.8245218,-40.2735025
Araguatins,-5.6529384,-48.1161923
Arapiraca,-9.754866,-36.661471
Araraquara,-21.7886713,-48.1773096
Araxá,-19.6009149,-46.940923
Araçoiaba da Serra,-23.5045367,-47.6168158
Ariquemes,-9.9076522,-63.033069
Aroeiras,-7.5462904,-35.7080002
Arraial do Cabo,-22.9662839,-42.024427
Arusha,-3.3696827,36.6880794
Assis Brasil,-10.9409203,-69.5672108
Assuão,24.091071,32.897306
Atessa,42.0718059,14.4489025
Atibaia,-23.1177393,-46.5547861
Aurangabad,19.877263,75.3390241
Avanhandava,-21.4603331,-49.9465156
Bambuí,-20.0131996,-45.9777034
Bandar Seri Begawan,4.8895453,114.9417574
Bangui,4.3635118,18.5835913
Barcarena,-1.5107945,-48.6190679
Barra Velha,-26.6338203,-48.6835001
Barra de Santo Antônio,-9.4038098,-35.5117693
Barra do Piraí,-22.4703403,-43.8263256
Barreira,-4.2883361,-38.641094
Base Presidente Eduardo Frei Montalva,-62.1998474,-58.9631724
Basseterre,17.2960919,-62.722301
Baton Rouge,30.4494155,-91.1869659
Bayeux,49.2764624,-0.7024738
Beijing,39.9057136,116.3912972
Belo Jardim,-8.3338293,-36.4176419
Benjamin Constant,-4.3782748,-70.0290603
Bertioga,-23.848568,-46.139586
Bethesda - Maryland,38.9812726,-77.1233587
Birmingham - Alabama,33.5206824,-86.8024326
Bled,46.3684202,14.1100595
Bloomington - Indiana,39.1670396,-86.5342881
Bocaiúva,-17.1160208,-43.8122678
Bocas del Toro,9.2684749,-81.9932387
Bom Despacho,-19.7375242,-45.2517288
Botucatu,-22.8879628,-48.4410712
Boulder - Colorado,40.0149856,-105.270545
Brownsville - Texas,25.9024289,-97.4981698
Brugg,47.4824633,8.2085662
Brumadinho,-20.143611,-44.2
Brunswick - Geórgia,31.1499528,-81.4914894
Buffalo,42.8864163,-78.8781493
CARTAGENA,37.6155018,-0.987511
Cachoeira,-12.5998256,-38.9665918
Cachoeira do Arari,-1.0143572,-48.9621089
Cachoeira do Sul,-30.0482234,-52.8901686
Cajazeiras,-6.8897849,-38.5570389
Calcutá,22.5726459,88.3638953
Calçoene,2.4981757,-50.9539503
Camaçari,-12.6998188,-38.3260762
Cametá,-2.242949,-49.497885
Camocim,-2.9009918,-40.8427389
Campeche,19.0,-90.5
Campos Novos,-27.3962904,-51.2224397
Campos de Júlio,-13.7223646,-59.2645296
Canarana,-11.6876043,-41.7693107
Cannes,43.5515198,7.0134418
Capão da Canoa,-29.7508278,-50.0210729
Caracaraí,1.8273703,-61.1249362
Caraguatatuba,-23.62028,-45.41306
Carazinho,-28.2981634,-52.7942363
Carmo do Rio Claro,-20.973315,-46.1186754
Carolina do Norte,35.6729639,-79.0392919
Casa Nova,-9.1736775,-40.9734475
Cassilândia,-19.1128242,-51.7345354
Catanduvas,-25.2043528,-53.154826
Catanzaro,38.8299603,16.4315569
Caçador,-26.7737784,-51.0134844
Caçapava do Sul,-30.5113286,-53.4916761
Charleston - Carolina do Sul,32.7884363,-79.9399309
Charlotte - Carolina do Norte,35.2272086,-80.8430827
Chengdu,30.659867,104.063315
Chiang Mai,18.7882778,98.9858802
Chiclayo,-6.7716146,-79.8387175
Chimoio,-19.1437458,33.4780059
Chongqing,30.05518,107.8748712
Chuí,-33.6895237,-53.454704
Cincinnati - Ohio,39.1012809,-84.5127405
Ciudad Obregón,27.4846619,-109.9337782
Clayton - Melbourne,-37.9158025,145.1313859
Coatzacoalcos,18.1405019,-94.4344003
Cobija,-11.0184614,-68.7538149
Coimbatore,11.0018115,76.9628425
College Station - Texas,30.6183939,-96.3455991
Conceição da Barra,-18.5841421,-39.7371844
Conceição do Araguaia,-8.2696905,-49.2676864
Concórdia,-27.2312011,-52.0231024
Cornélio Procópio,-23.1825218,-50.6499263
Cotia,-23.603889,-46.918889
Coxim,-18.504915,-54.7450251
Crato,-7.2885006,-39.4820298
Cristalina,-16.7680599,-47.6133427
Curuca,-23.6062916,-48.1475806
DABOLIM,15.3896948,73.8528925
Da Nang,16.068501,108.2240242
Dayton,39.7589478,-84.1916069
Diadema,-23.6866428,-46.6246935
Dimitrovgrad,54.2177925,49.6254435
Dodoma,-6.1791181,35.7468174
Dom Pedrito,-30.983755,-54.6746483
Doral - Flórida,25.8195424,-80.3553302
Dresden - Saxônia,51.0493286,13.7381437
Dávao,7.0648306,125.6080623
East Hartford - Connecticut,41.767914,-72.644512
East London,-33.0191604,27.8998573
Edmonton,53.5462055,-113.491241
El Calafate,-50.3387375,-72.2737216
Esteio,-29.8511627,-51.1778852
Ezeiza,-34.8168141,-58.5474234
Fall River - Massachusetts,41.7010642,-71.1546367
Fez,34.0346534,-5.0161926
Fort Collins - Colorado,40.5871782,-105.0770113
Fort Wayne - Indiana,41.0799898,-85.1386015
Franca,46.603354,1.8883335
Funchal,32.6496497,-16.9086783
Fuzhou,26.0774954,119.2918215
GEORGETOWN,6.8032561,-58.1455403
Garden City - New York,40.7266477,-73.6343052
Gatineau,45.4277659,-75.710976
Getúlio Vargas,-27.8871493,-52.2257967
Ghent,51.0538286,3.7250121
Goa,15.3004543,74.0855134
Goiana,-7.560603,-34.99591
Goianápolis,-16.5071038,-49.0213217
Golden - Colorado,39.7546349,-105.22058
Governador Edison Lobão,-5.7456705,-47.363091
Grajaú,-5.8154034,-46.1361454
Gravatá,-8.1990371,-35.5627006
Guarabira,-6.8513982,-35.4915582
Guaraqueçaba,-25.2983566,-48.3290185
Guarujá,-23.9927768,-46.2558332
Guwahati,26.1805978,91.753943
Gênova,44.40726,8.9338624
HAIFA,32.8191218,34.9983856
Halifax,44.648618,-63.5859487
Hangzhou,30.2489634,120.2052342
Harlingen - Texas,26.1907543,-97.6960599
Hermosillo,29.0948207,-110.9692202
Herval d´Oeste,-27.17361,-51.4903659
Hilden,51.1674417,6.9307271
Hiroshima,34.3917241,132.4517589
Hobart,-42.8825088,147.3281233
Honiara,-9.4310769,159.9552552
Hsinchu,24.8066333,120.9686833
Huatulco,15.8313373,-96.3197633
Huntington - Nova York,40.868154,-73.425676
Hurghada,27.222556,33.8307062
Iguatu,-24.7170385,-53.0865561
Interlaken,46.6855231,7.8585139
Ipameri,-17.7215439,-48.158118
Ipê,-28.8189281,-51.2796422
Itabira,-19.6190169,-43.226248
Itacajá,-8.392935,-47.772615
Itaguaçu da Bahia,-10.7417971,-42.1126182
Itajubá,-22.4238234,-45.4524156
Itapecuru Mirim,-3.3973569,-44.3560724
Itapetininga,-23.588607,-48.048326
Ituverava,-20.3366604,-47.7797924
Jaboticabal,-21.252037,-48.325223
Jackson - Mississipi,32.2998686,-90.1830408
Jaipur,26.9154576,75.8189817
Jataí,-17.8856178,-51.7202967
Jati,-7.6894344,-39.006074
Jequié,-13.8604033,-40.0719627
Jerez de la Frontera,36.6816936,-6.1377402
Jiangsu,33.0000001,119.9999999
Jinan - Shandong,36.6519754,117.1138479
Jundiaí,-23.1887668,-46.884506
Juruti,-2.6486947,-56.237372
Jülich,50.9220931,6.3611015
Kasane,-17.799239,25.156546
Katowice,50.2137315,19.0058848
Kerikeri,-35.2272607,173.9491061
Kiev,50.4500336,30.5241361
Kilimanjaro,-3.0786534,37.4198556
Kiruna,67.8496111,20.30625
Kochi,9.9679032,76.2444378
Kosice,50.1797445,15.5349958
Kota Kinabalu,5.9780066,116.0728988
Kruger Mpumalanga,-26.7467948,28.7647223
Kuching,1.5597561,110.345397
Kyoto,35.0115754,135.7681441
Ladário,-19.0036585,-57.6028285
Lago do Junco,-4.6070838,-45.0530093
Langkawi,6.3700386,99.7928634
Lausanne,46.5218269,6.6327025
Lavras,-21.2425512,-44.9991978
Lençóis,-12.5615323,-41.3895344
Letícia,-4.2129211,-69.9425963
Lexington - Kentucky,38.0464066,-84.4970393
León de Los Aldama,21.121965,-101.6829766
Lianyungang,34.5933134,119.2171662
Lichinga,-13.2999118,35.2458642
Limoeiro do Norte,-5.1455607,-38.0984936
Lincoln city - Nebraska,40.8205941,-96.7026058
Linhares,45.6135987,2.2961577
Loanda,-22.9320944,-53.1352452
Lod,31.9489012,34.8884857
Loja,37.1523601,-4.2057079
Longyearbyen,78.2231558,15.6463656
Lontras,-27.1679891,-49.5424602
Louveira,-23.08639,-46.95056
Lubango,-14.9195617,13.4897509
Lucerna,47.052144,8.3058123
Lucknow,26.8381,80.9346001
Luleå,65.5831187,22.1459535
Luqa,35.859653,14.4892913
Luque,-25.2665417,-57.4926928
Lynn - Massachusetts,42.466763,-70.9494939
Macau,22.1757605,113.5514142
Macaúbas,-13.0174846,-42.6882221
Madre de Deus,-12.7424741,-38.6152913
Mainz,49.9995205,8.2736253
Mangaratiba,-22.9415964,-44.1181916
Manizales,5.0743694,-75.5081167
Manoel Urbano,-8.838755,-69.2619465
Manta,44.6151524,7.4884325
Manzanillo,41.586343,-4.189038
Marataizes,-21.0443673,-40.8272204
Marcos Parente,-7.1216428,-43.8892251
Marialva,-23.4820987,-51.795788
Maryville-Tennessee,35.7564719,-83.9704593
Mata de São João,-12.530685,-38.300898
Mbabane,-3.3638125,29.3675028
Mcallen - Texas,26.204114,-98.2300605
Medianeira,-25.2954233,-54.0940666
Memphis,35.146026,-90.0517786
Mexicali,32.6245314,-115.452604
Milwaukee,43.0386475,-87.9090751
Minaçu,-13.5336413,-48.2184889
Mineiros,-17.5653879,-52.5536721
Miranda,10.2343499,-66.3807249
Mirassol D´Oeste,-15.675947,-58.0951397
Mobile - Alabama,30.6913462,-88.0437509
Mogadíscio,2.0349312,45.3419183
Mogi das Cruzes,-23.5234284,-46.1926671
Moncton,46.0985679,-64.8004265
Montego Bay,18.4724603,-77.9217357
Montenegro,42.7755624,19.2022423
Monterrey - Califórnia,36.2231079,-121.387742
Montería,8.6046053,-75.9783203
Moroni,-11.7040306,43.251909
Morristown - Nova Jérsei,40.7970382,-74.4809868
Moçâmedes,-15.195064,12.1458085
Mundo Novo,-11.8573859,-40.4731656
Nancy,48.6937223,6.1834097
Nanjing,32.0438284,118.7788631
Nanuque,-17.8393915,-40.3494631
Naples,40.8358846,14.2487679
National Harbor - Maryland,38.783342,-77.0148285
Naviraí,-23.0622152,-54.2018319
Nelspruit,-25.4729094,30.9772719
Neu-Ulm,48.3953489,10.0005211
Nevsehir,38.7235072,34.7194168
New Jersey,40.0757384,-74.4041622
Newcastle,54.9738474,-1.6131572
Newport - Rhode Island,41.5524601,-71.2704553
Niigata,37.6452283,138.7669125
Ningbo,29.8622194,121.6203873
Nova Friburgo,-22.2800004,-42.5325303
Nova Lima,-19.9854089,-43.8470691
Nova Marilândia,-14.3653436,-56.9709009
Não-Me-Toque,-28.4575507,-52.8196547
Oberpfaffenhofen,48.0732582,11.2649062
Okinawa,26.5707754,128.0255901
Ondjiva,-17.0705234,15.7280115
Ontário - Califórnia,34.065846,-117.64843
Oranjestad - Aruba,12.5201024,-70.0371329
Ostrava,49.8354045,18.292978
Oulu,65.0117914,25.4701973
Ouricuri,-7.884432,-40.0833221
Ourilândia do Norte,-6.748975,-51.0788476
Ouro Preto do Oeste,-10.717914,-62.2566611
Oxford,51.7520131,-1.2578499
PANAMÁ,8.559559,-81.1308434
PENANG,5.4065013,100.2559077
Palma,39.5695818,2.6500745
Palmeiras,-12.5151234,-41.5746054
Paraná,-24.4842187,-51.8148872
Paraty,-23.2196461,-44.7154196
Parma,44.6952006,10.0979869
Parobé,-29.624257,-50.83118
Pasadena - Califórnia,34.1476507,-118.144155
Paso de Los Libres,-29.7136574,-57.0861369
Patos de Minas,-18.6041453,-46.5096698
Patrocínio,-18.9408294,-46.9926624
Pedreiras,-4.5687989,-44.6003029
Pereira,4.7854606,-75.788322
Pesqueira,-8.3574471,-36.6968238
Petrolina de Goiás,-16.1005783,-49.3359066
Philadelphia - Pennsylvania,39.9527237,-75.1635262
Picada Café,-29.446421,-51.136725
Pimenta Bueno,-11.6767868,-61.1863902
Pindorama,-10.3333333,-53.2
Pinhais,-25.4443488,-49.1900307
Pinheiro,-2.5270459,-45.0866463
Piranhas,-16.4252491,-51.8231427
Pirapora,-17.3493765,-44.9507904
Pium,52.1007247,8.3023897
Placência,45.0534751,9.6947461
Poconé,-16.2578606,-56.633926
Pontal do Paraná,-25.574765,-48.3614806
Port Moresby,-9.4743301,147.1599504
Porto Esperidião,-15.8521665,-58.4693093
Porto Louis,-20.1624522,57.5028044
Porto Nacional,-10.7019786,-48.4110952
Porto Velho - Abunã,-9.6270097,-65.2603977
Porto Velho - Nova Califórnia,-9.7650724,-66.6171597
Porto Velho - Vista Alegre do Abunã,-9.6195192,-65.8355346
Porto Vila,-17.7414972,168.3150163
Portão,-29.6932554,-51.2331837
Posadas - Misiones,-27.3664824,-55.894295
Pouso Alegre,-22.2343858,-45.9327241
Presidente Juscelino,-18.6388028,-44.0604419
Prince George,37.1815024,-77.2153144
Princeton - New Jersey,40.3496953,-74.6597376
Providence - Rhode Island,41.8239891,-71.4128343
Puerto Maldonado,-12.5938633,-69.1866773
Puno,-15.0,-70.0
Qingdao,36.0663249,120.3777659
Quatro Barras,-25.3708987,-49.0745672
Queluz,-22.5371881,-44.7752585
Rancharia,-22.2294981,-50.8922333
Ranchi,23.3700501,85.3250387
Ras al-Khaimah,25.7737705,55.938232
Registro,-24.497942,-47.844895
Reykjavik,64.145981,-21.9422367
Rhodes,48.7584377,6.8985177
Ribeirão,-8.5066761,-35.3747339
Ribeirão Branco,-24.2211495,-48.7678322
Ribeirão das Neves,-19.7672898,-44.0875436
Rio Largo,-9.477829,-35.839435
Rio Quente,-17.8067173,-48.7648226
Rio do Pires,-13.1252598,-42.2901946
Rishikesh,30.1086537,78.2916193
Rosário do Sul,-30.2527151,-54.9179382
Rotterdam,51.9244424,4.47775
Rurópolis,-4.1014311,-54.9086853
Saint John - New Brunswick,45.2787992,-66.0585188
Salgueiro,-8.0726731,-39.1269719
Salto,-23.1989983,-47.2913682
Samarcanda,39.6550017,66.9756954
San Luis Potosí,22.5000001,-100.4949145
San Marino,43.9458623,12.458306
Santa Ana - Califórnia,33.7494951,-117.873221
Santa Fé de Goiás,-15.7705927,-51.1018204
Santa Helena,-15.9690718,-5.71295
Santa Inês,-13.2897697,-39.8179701
Santa Teresa,-22.9215542,-43.1860269
Santana,-12.979217,-44.05064
Santana do Paraíso,-19.3652914,-42.5494833
Santander,43.4618932,-3.8100255
Santarém Novo,-0.9283904,-47.3999958
Santo António,-29.826768,-50.517489
Santo Antônio do Içá,-3.095443,-67.946279
Sanya,43.1007714,5.8788948
Saskatchewan,55.5321257,-106.141224
Serro,-18.604444,-43.379445
Shenzhen,22.5445741,114.0545429
Shijiazhuang,38.0429742,114.5088385
Siem Reap,13.3617562,103.8590321
Siliguri,26.7164127,88.4309916
Skopje,41.9962164,21.4318935
Skukuza,-24.9952608,31.5945572
Sochi,43.5854823,39.723109
Songdo,24.4504036,93.7080943
Soure,-0.7275759,-48.5189785
Springfield - Illinois,39.7990175,-89.6439575
Springfield - Pensilvânia,39.9306677,-75.3201879
Stein,50.9732145,5.7606819
Strasbourg,48.584614,7.7507127
Sumaré,-22.8217964,-47.267105
Sun Valley - Los Angeles - Califórnia,34.2204227,-118.3878945
Surabaya,-7.2462836,112.7377674
Suva,-18.1415884,178.4421662
São Cristóvão,-11.0136465,-37.2071134
São José da Barra,-20.7180697,-46.3125073
São José do Xingu,-10.803888,-52.7357819
São José dos Campos - São Francisco Xavier,-22.9133573,-45.9593162
São João de Meriti,-22.7853575,-43.366715
São Lourenço do Oeste,-26.35566,-52.849837
São Luiz,1.0170607,-60.0371719
São Miguel do Guamá,-1.6116804,-47.4757551
São Paulo de Olivença,-3.4650627,-68.9468462
São Petersburgo,59.9606739,30.1586551
São Sebastião,-23.8027866,-45.4070527
Taizhou,28.6581723,121.4163876
Takamatsu - Kagawa,34.3425592,134.0465338
Tamandaré,-8.7500009,-35.1045787
Tanabi,-20.6251635,-49.6519879
Tanger,35.7696302,-5.8033522
Tanque Novo,-13.5474243,-42.4907587
Taoyuan County,24.9929995,121.3010003
Taperoá,-13.537364,-39.0986529
Taquarana,-9.6125907,-36.5101855
Tarnos,43.5405622,-1.4611915
Tauá,-5.8777587,-40.3166374
Terezinha,-9.0560369,-36.623375
Tessalônica,40.6403167,22.9352716
Tindouf,27.6721823,-8.1404163
Tocantínia,-9.563198,-48.374104
Toki,35.3524878,137.1826232
Tokushima,33.9196418,134.2509634
Trieste,45.6496485,13.7772781
Tromso,69.6516345,18.9558585
Trujillo,-8.1116778,-79.0287742
Tucumã,-6.8126923,-51.4133146
Uauá,-9.8414206,-39.4819878
Ubatuba,-23.433162,-45.083415
Urucará,-2.537073,-57.7590254
Utrecht,52.0907006,5.1215634
Valença,44.9332277,4.8920811
Valparaiso,41.4672552,-87.0604487
Varadero,23.149578,-81.260025
Venda Nova do Imigrante,-20.3325787,-41.1295842
Victoria - BC,48.4283182,-123.364953
Vientiane,17.9640988,102.6133707
Vieux Fort,15.9502759,-61.6958328
Vigo,42.1986395,-8.727956
Vitória do Xingu,-2.8833063,-52.0114889
Volta Redonda,-22.521856,-44.1040128
Walvis Bay,-22.9557607,14.5071125
Waterloo - Ontário,43.4652699,-80.5222961
Willemstad - Curaçao,12.1129885,-68.8854843
Winston-Salem,36.0998131,-80.2440518
Wuxi,31.5776626,120.2952752
Würzburg,49.7780356,9.9434769
Xangri-lá,-29.8039422,-50.0413748
Xapuri,-10.6511174,-68.5017902
Xiamen,24.4801069,118.0853479
Xian,38.1904931,116.1191021
Xuzhou,34.2665258,117.1810431
Yantai,37.461928,121.4425255
Zacatecas,23.0916177,-102.9333954
Zhengzhou,34.7472531,113.619321
Águas de Chapecó,-27.0741119,-52.9879048
Águia Branca,-18.9847265,-40.7391844
Évora,38.5707742,-7.9092808
Aachen,50.776351,6.083862
Aalborg,57.0462626,9.9215263
Abaetetuba,-1.7217787,-48.8788106
Acapulco,16.8680495,-99.8940182
Acworth - Geórgia,34.0659329,-84.6768796
Adrianópolis,41.6759327,26.5587225
Adustina,-10.5340838,-38.1184648
Aguascalientes,21.880487,-102.2967195
Aix-en-Provence,43.5298424,5.4474738
Aktau - Mangystau,43.6353364,51.168222
Allentown - Pensilvânia,40.6022552,-75.4716115
Almaty,43.2363924,76.9457275
Almeria,36.8685739,-2.3120282
Altamira - Castelo de Sonhos,-8.3167049,-55.092294
Altamira do Paraná,-24.798939,-52.7132201
Alto Paraíso,-23.508137,-53.728537
Amambaí,-23.1082701,-55.2284854
Anhembi,-22.7891096,-48.1316776
Antônio Prado,-28.8555285,-51.2795932
Anyang,35.9901282,114.5096506
Apucarana,-23.5525327,-51.4610764
Araçuaí,-16.8484451,-42.0661868
Arealva,-22.0301906,-48.9111936
Areia,-6.9680243,-35.6994783
Arica,-18.4785288,-70.3211394
Arinos,-15.917223,-46.106111
Armenia,40.7696272,44.6736646
Arraias,-12.9287788,-46.9437231
Assis Chateaubriand,-24.4054826,-53.5120468
Athens - Geórgia,33.9597677,-83.376398
Aurora do Pará,-2.1323199,-47.558436
Avarua - Ilhas Cook,-21.2074736,-159.7708145
Bacabal,-4.2318132,-44.781167
Balboa,42.7101716,-6.9147203
Balsas,-7.53214,-46.037163
Bananeiras,-6.7537682,-35.6338343
Barra,-11.0849643,-43.5245954
Barreirinha,-2.798863,-57.067897
Barão de Melgaço,-16.1956788,-55.9668317
Bath,51.3813864,-2.3596963
Belford Roxo,-22.7309996,-43.3796377
Belo Campo,-15.0384794,-41.2586342
Biguaçu,-27.4961076,-48.654111
Billund,55.7247018,9.1195835
Birigui,-21.2908491,-50.34144
Boituva,-23.2838893,-47.6738231
Bom Jesus,-28.6692723,-50.4346894
Bom Jesus do Itabapoana,-21.090552,-41.7808736
Boninal,-12.7095183,-41.8299984
Bradley - Connecticut,41.9406881,-72.6849968
Bratislava,48.1516988,17.1093063
Braunschweig,52.2646577,10.5236066
Buri,46.0126815,13.3366951
Caarapó,-22.6349267,-54.8240903
Cacique Doble,-27.7700117,-51.6616409
Caen,49.1813403,-0.3635615
Cairns,-16.9206657,145.7721854
Cajamar,-23.3561111,-46.8769444
California City - California,35.1259261,-117.959868
Camaragibe,-8.0213832,-34.9810768
Campala,40.6428878,-5.7067066
Campina Grande do Sul,-25.3046032,-49.0545355
Campo Novo,-27.6792143,-53.8051654
Campos do Jordão,-22.738299,-45.5903769
Canoinhas,-26.1755121,-50.3949592
Capanema,-25.6704878,-53.8083036
Cape Girardeau - Missouri,37.304731,-89.5176418
Capão Bonito,-24.0048759,-48.3489848
Capão do Leão,-31.766133,-52.5013148
Carangola,-20.733638,-42.0299412
Caravelas,-17.734979,-39.2627179
Cartagena,37.6155018,-0.987511
Catalão,-18.1702546,-47.9447082
Caxambu,-21.9755872,-44.9311403
Cerro Largo,-28.147498,-54.7383681
Changsha,28.1450774,113.2384362
Charles City - Iowa,43.0662177,-92.6794258
Cianorte,-23.662036,-52.6103989
Cidade Ocidental,-16.1000758,-47.9445014
Ciudad Juarez,31.6907979,-106.4253215
Cluj-Napoca,46.769379,23.5899542
College Park - Maryland,38.980666,-76.9369189
Colíder,-10.8094999,-55.4540386
Conquista D´Oeste,-14.5381171,-59.5443775
Cork,51.8985136,-8.4726423
Covilhã,40.2804021,-7.504191
Creta,35.3084952,24.4633423
Cubatão,-23.8842077,-46.4213061
Cumaru do Norte,-7.8122669,-50.7677675
Currais Novos,-6.2626676,-36.5173039
Cúcuta,8.0776187,-72.4689002
Davos,46.796198,9.8236892
Delmiro Gouveia,-9.3841161,-37.997756
Divinópolis,-20.1597921,-44.8739341
Dois Irmãos,-29.58356,-51.089776
Domingos Martins,-20.3646483,-40.6585797
Douala,4.0429389,9.7062018
Dunkerque,51.0347708,2.3772525
Durham - Carolina do Norte,35.996653,-78.9018053
Ekaterinburg,56.8382071,60.6007886
Enschede,52.2209855,6.8940537
Espírito Santo,-19.5687682,-40.1721991
Essen,51.4582235,7.0158171
Euclides da Cunha,-10.5068008,-39.0165817
Eunápolis,-16.3766148,-39.586449
Fazenda Rio Grande,-25.645841,-49.3126653
Feira Grande,-9.8944239,-36.6793255
Floresta,37.9876331,14.9096799
Flórida,27.7567667,-81.4639835
Fort Walton Beach,30.4057552,-86.618842
Franco da Rocha,-23.3328038,-46.724446
Freiburg,47.9960901,7.8494005
GARMISCH,47.4938417,11.0829
Gdynia,54.5164982,18.5402738
Gijón,43.5449422,-5.66275
Glion,46.7730344,9.2033532
Goianira,-16.5001973,-49.4254788
Grapevine - Texas,32.9337381,-97.0788754
Greenburgh - Nova Iorque,41.0461704,-73.7900977
Greensboro - North Carolina,36.0726355,-79.7919754
Greenville - Carolina do Norte,35.613224,-77.3724593
Guanacaste,10.3788441,-85.4338287
Guanajuato,20.9876996,-101.0
Guarantã do Norte,-9.9517992,-54.9098178
Guidonia Montecelio,41.9842734,12.6953191
Guimarães,41.4417677,-8.2955712
Gyeongju,35.8556705,129.2248811
HAMILTON,43.2560802,-79.8728583
Hat Yai,7.0074644,100.4689889
Hernandarias,-25.4041794,-54.6320387
Hokkaido,43.4339536,142.9521222
Hollywood - Flórida,26.0112014,-80.1494901
Homestead - Flórida,25.4718946,-80.4759905
Huzhou,30.8942995,120.0851114
Ibimirim,-8.5379259,-37.6941375
Ibiraçu,-19.8309496,-40.3686594
Ibirité,-20.0214251,-44.0621506
Ibirubá,-28.630161,-53.096124
Ilha Terceira - Açores,38.7211654,-27.217638
Ilha de San Andrés,12.5375979,-81.7204155
Ilha de Santa Maria - Açores,36.9726216,-25.1026495
Illinois,40.0796606,-89.4337288
Irvine - California,33.6856969,-117.825981
Itabirito,-20.2519724,-43.8029171
Itaboraí,-22.7558128,-42.8829561
Itamarandiba,-17.8574369,-42.8596742
Itapeva,-22.7690638,-46.221934
Itapevi,-23.54888,-46.933889
Itupeva,-23.1531055,-47.0580347
Ivoti,-29.5934057,-51.1599403
Izumo,35.3668891,132.7548827
Jaboticatubas,-19.521667,-43.745277
Jacobina,-11.0666764,-40.6691687
Jiaxing,30.7474425,120.7510971
Jodhpur,26.2967719,73.0351433
Juliaca,-15.4932314,-70.1356177
Jutaí,-2.7471478,-66.7721255
Jürmala,56.9727164,23.7886979
Kahului - Havaí,20.8747708,-156.4529674
Kaohsiung,22.6203348,120.3120375
Karachi,24.8546842,67.0207055
Kaunas,54.8982139,23.9044817
Kazan,55.7946485,49.1115022
Köln,50.938361,6.959974
Körmend,47.0161018,16.5980901
La Crosse - Wisconsin,43.8122836,-91.2514355
La Paz - Baja California Sur,24.1619948,-110.3158532
La Rochelle,46.159732,-1.1515951
Lafayette - Louisiana,30.2262187,-92.0178202
Lamezia Terme,38.9645069,16.3021451
Laranjal do Jari,-0.8419994,-52.516
Le Havre,49.4938975,0.1079732
Limassol,34.6852901,33.0332657
Little Rock,34.7465071,-92.2896267
Livingstone,-17.853135,25.861429
Long Beach - California,33.7690164,-118.191604
Loves Park - Illinois,42.3200189,-89.0581621
Luang Prabang,19.8887438,102.135898
Lugano,46.0038007,8.9512275
Majuro,7.0909924,171.3816354
Malacacheta,-17.8428204,-42.0786194
Manhuaçu,-20.2574434,-42.0340769
Manoel Vitorino,-14.1448395,-40.2439696
Maracaibo,10.6498095,-71.6443596
Maracás,-13.4408898,-40.433052
Maraã,-1.8535579,-65.5897749
Marechal Cândido Rondon,-24.5582532,-54.0587821
Matanzas,23.0469236,-81.5783032
Matinhos,-25.8187096,-48.534204
Medford - Nova Iorque,40.8228192,-72.9887443
Medina,29.2836281,-99.1126826
Meknès,33.8984131,-5.5321582
Melbourne - Florida,28.0785034,-80.6077908
Mimoso do Sul,-21.0628724,-41.3640478
Mirabel - Quebec,45.6323151,-73.9838454
Mogi-Guaçú,-22.372222,-46.9425
Montanha,45.1417,5.19378
Monte Carlo,43.7402961,7.426559
Morgantown - Virginia Ocidental,39.6296809,-79.9559437
Mountain View - Califórnia,33.9716114,-118.2178491
Murcia,37.9347521,-1.1131029
Murici,-9.306823,-35.942798
Mwanza,-2.5196915,32.9014417
Müenster,51.9625101,7.6251879
Münster,51.9625101,7.6251879
Nagpur,21.1498134,79.0820556
Nanchang,28.6472124,116.0348483
Newquay,50.4136363,-5.0843472
Neópolis,-10.3169663,-36.5769132
Nitra,48.31295,18.0894593
Nizhny Novgorod,56.3264816,44.0051395
Nova Iguaçu,-22.7592175,-43.4508728
Nova Olinda,-7.0934174,-39.6789815
Nova Santa Rita,-29.8570477,-51.2754953
Oaxaca de Juárez,17.0965868,-96.7207816
Olympia - Washington,47.0451022,-122.8950075
Paiçandu,-23.4575884,-52.048988
Palm Springs - California,33.8246269,-116.540303
Palo Alto - Califórnia,37.4443293,-122.1598465
Palotina,-24.2839929,-53.8405463
Paola,39.359893,16.039588
Paripueira,-9.463133,-35.551977
Pariquera-Açu,-24.7146891,-47.8802361
Paulista,-7.9340069,-34.868407
Paulínia,-22.7630391,-47.1532213
Perugia,43.1070321,12.4029962
Peruíbe,-24.3218105,-46.9977452
Pescara,42.3102619,13.9575901
Petrolândia,-27.5329615,-49.6984597
Pilar,-34.4570918,-58.9141609
Pilar do Sul,-23.8121684,-47.7201865
Pinheiral,-22.5129436,-44.001435
Plaine Magnien,-20.4319913,57.6611506
Pohnpei,6.8870468,158.2406138
Ponte Alta do Tocantins,-10.7454591,-47.5374479
Portel,-1.9384998,-50.8229741
Porto Acre,-9.5879722,-67.53307
Porto Rico,18.2247706,-66.4858295
Poznan,52.4082663,16.9335199
Presidente Epitácio,-21.765074,-52.11114
Pucallpa,-8.3820737,-74.5387507
Querência,-12.5944625,-52.2088505
Quibdó,5.6912838,-76.6531337
Quilmes,-34.7244434,-58.2588168
Rajamahendravaram,17.0050454,81.7804732
Rajkot,22.3053263,70.8028377
Reggio di Calabria,38.1035389,15.6397556
Rennes,48.1113387,-1.6800198
Rimini,43.9465433,12.630749
Rio Branco do Sul,-25.1885374,-49.3119082
Rio Galegos,42.819447,-7.25935
Rio Verde de Mato Grosso,-18.9169208,-54.8410727
Sabinópolis,-18.6656839,-43.0830439
Saginaw - Michigan,43.4200387,-83.9490365
Saint George's,12.0535331,-61.751805
Saint Helier - Jersey,49.1856637,-2.1102277
Saint Julians,44.5451264,0.001932
Saint-Georges-de-l'Oyapock,3.8909368,-51.8014111
Salesópolis,-23.528805,-45.84653
Samara,53.1956255,50.1014927
San Benedetto del Tronto,42.9525328,13.8807144
San Luiz,-13.0125304,-38.4900094
Santa Cruz do Capibaribe,-7.948019,-36.206092
Santa Gertrudes,-22.4590897,-47.532034
Santa Luzia do Paruá,-2.5440662,-45.775757
Santa Rita,-7.128465,-34.9846186
Santo Antônio de Jesus,-12.9689361,-39.260914
Santo Antônio de Leverger,-15.8644521,-56.0765226
Sapezal,-13.547958,-58.8146235
Schiphol-Rijk,52.2784339,4.7525241
Senador Salgado Filho,-28.0270233,-54.5435136
Senhor do Bonfim,-10.4602509,-40.189151
Sepang,2.8008619,101.7094012
Shah Alam,3.0739429,101.5185278
Sidrolândia,-20.9361042,-54.9640262
Silver Spring - Maryland,38.9997621,-77.0240371
Silves,37.2639826,-8.3487311
St. Petersburg,59.9606739,30.1586551
Steyning,50.8902203,-0.3302184
Sudbury,46.49272,-80.991211
Suzhou,31.311123,120.6212881
São Gabriel da Palha,-19.0148349,-40.539464
São Gonçalo,-22.8219014,-43.0309252
São Joaquim,-28.2924972,-49.9353255
São José da Vitória,-15.0790716,-39.3365369
São Mateus do Maranhão,-4.0289169,-44.4667342
São Paulo do Potengi,-5.8941684,-35.7648309
São Pedro da Aldeia,-22.8384835,-42.1031604
Taboão da Serra,-23.6121912,-46.7790539
Tainan,22.9912348,120.184982
Tampere,61.4977988,23.7616335
Taoyuan,24.9929995,121.3010003
Tarapur,24.830302,92.7875689
Tarragona,41.1172364,1.2546057
Tenente Portela,-27.371058,-53.758484
Timbu,27.4713546,89.6336729
Timisoara,45.7538355,21.2257474
Três Marias,-18.2051533,-45.2484314
Trípoli,32.896672,13.1777923
Tuntum,-5.2630885,-44.6448502
Tupã,-21.9349129,-50.5141255
Turku,60.4515932,22.2669991
Tuxtla Gutiérrez,16.753801,-93.115959
Ubajara,-3.8534468,-40.9185642
Uruará,-3.7185381,-53.738549
Valeta,35.8989979,14.5136607
Vargem Grande,-3.5443611,-43.9149128
Vespasiano,-19.6940958,-43.9186521
Vila Bela da Santíssima Trindade,-15.009904,-59.961115
Villahermosa,17.9884657,-92.9366326
Vinhedo,-23.0298535,-46.9749847
Vitorino Freire,-4.2885303,-45.2417582
Viña del Mar,-33.0244535,-71.5517636
Warendorf,51.9532449,7.9912335
Weihai,37.5120997,122.1152599
West Palm Beach - Flórida,26.715364,-80.0532942
White Plains - New York,41.0339862,-73.7629097
Wolfsburg,52.4205588,10.7861682
Wuhan,30.578891,114.2921197
Yancheng,33.349559,120.1577019
Yichang,30.6941332,111.2803512
York,53.9656579,-1.0743052
Zhuhai,22.273734,113.5721327
Zibo,36.8129564,118.0488401
Ácaba,29.5802228,35.2892162
Álvaro de Carvalho,-22.0787992,-49.7194861
Al-'Ula,26.5588965,37.9596519
Alajuela,10.4523317,-84.4663284
Alfenas,-21.4297405,-45.9479419
Almenara,-16.1753775,-40.6916675
Alto Paraíso de Goiás - São Jorge,-14.1778229,-47.8150987
Altos,-5.0639436,-42.4811898
Americana,-22.7392463,-47.3306032
Ancona,43.4801189,13.2187279
Apiacás,-9.5678422,-57.394852
Aragoiânia,-16.9146388,-49.4499148
Arame,-4.8858769,-46.0102484
Araranguá,-28.9348832,-49.4858389
Arcos,42.2652637,-3.7555708
Arcoverde,-8.4208643,-37.0547808
Arizona,34.395342,-111.763275
Armidale,-30.5144881,151.6656564
Arquipélago de São Pedro e São Paulo,0.9167527,-29.3458025
Arujá,-23.396266,-46.3175449
Assis,-22.6620892,-50.420623
Astúrias,43.3133868,-5.94192
Avignon,43.9492493,4.8059012
Açu,-5.5836471,-36.9139421
Bafoussam,5.4758844,10.4217852
Bagre,-1.8994498,-50.2103844
Baião,41.1616306,-8.0355439
Banzaê,-10.5802511,-38.6131592
Barbalha,-7.3121067,-39.3036427
Barra dos Coqueiros,-10.9075694,-37.0386249
Barreiros,43.514168,-7.2505546
Batumi,41.6509502,41.6360085
Bayannao'er,41.569576,107.494851
Beersheba,31.2457442,34.7925181
Beira,-19.8340679,34.8358075
Bellagio,45.9872549,9.2613001
Belo Oriente,-19.2232523,-42.4807033
Belterra,-2.636091,-54.937392
Beruri,-3.9007135,-61.3717319
Bhopal,23.2584857,77.401989
Bhuj,23.2472446,69.668339
Bisqueque,42.8761424,74.6036724
Bloemfontein,-29.116395,26.215496
Bonfim,-20.3266626,-44.2386157
Bretigny-sur-Orge,48.6099887,2.3075288
Bristol_Tennessee,36.5945034,-82.1885212
Bruges,51.2085526,3.226772
Brumado,-14.2025099,-41.6701307
Cabo Haitiano,19.7595236,-72.2008068
Cabo de Santo Agostinho,-8.2838945,-35.0320984
Caetité,-14.0691776,-42.4852428
Caeté,-19.897777,-43.670278
Cairu,-13.4866098,-39.043844
Campinas do Piauí,-7.6593687,-41.8814875
Campo Bom,-29.678418,-51.0572268
Campo Grande do Piauí,-7.1327559,-41.0381164
Campo Novo de Rondônia,-10.5704235,-63.6199511
Campo do Meio,-21.1072006,-45.8301735
Campos Belos,-13.0349839,-46.768112
Canavieiras,-15.6790128,-38.9449622
Cangzhou,38.3042796,116.8511597
Canindé,-4.4035777,-39.4236161
Caroebe,0.8808696,-59.6963796
Carpi,44.7835699,10.8854523
Castelo Branco,39.9767583,-7.4460599
Center Valley - Pennsylvania,40.529266,-75.393236
Changchun,43.8844844,125.3181675
Changzhou,31.8122623,119.9691539
Chania,35.5120831,24.0191544
Chaves,41.7399003,-7.4715213
Chico - Califórnia,39.7284945,-121.8374777
Chisinau,47.0245117,28.8322923
Cidade de Goiás,-15.9408902,-50.1465398
Coca - Puerto Francisco de Orellana,-0.4513834,-76.9742375
Codó,-4.455623,-43.892354
Colinas do Tocantins,-8.0612688,-48.4716768
Comodoro Rivadavia,-45.8632024,-67.4752615
Comox,49.6727575,-124.9276204
Constança,44.1767161,28.6507598
Coruripe,-10.1266837,-36.1753761
Cuernavaca,18.9331321,-99.2599579
Damasco,33.5130695,36.3095814
Dianópolis,-11.624008,-46.819787
Dothan - Alabama,31.2237285,-85.3934375
Duisburgo,51.434999,6.759562
Dunedin,-45.8740984,170.5035755
Durham,54.666667,-1.75
Encarnacion,-27.3376114,-55.8669492
Esperança,-7.018517,-35.852193
Extrema,-22.8548355,-46.3184553
Fairfax - Virginia,38.8462236,-77.3063733
Falmouth - Cornwall,50.1553311,-5.072296
Fama,-21.4090398,-45.8322579
Fonte Boa,-2.5147464,-66.0948424
Formoso do Araguaia,-11.8059989,-49.5257153
George,30.857421,-88.6537118
Guaramiranga,-4.2615229,-38.9339713
Guaraí,-8.835429,-48.511432
Guilin,25.2779894,110.2910622
Guiyang,26.5878031,106.7086936
Gumi,36.1195513,128.3444692
Guntersville,34.3581474,-86.2947041
Gurgaon,28.4646148,77.0299194
Gwalior,26.2037247,78.1573628
Haikou,20.0462328,110.1956502
Hanover - Nova Hampshire,43.7023545,-72.2892164
Harbin,45.7593633,126.6276177
Hoedspruit,-24.352964,30.951343
Hubballi,15.3518378,75.1379848
Igarapé,-20.0573027,-44.3279717
Igarapé-Açu,-1.128244,-47.6199021
Ijuí,-28.3878734,-53.9201692
Ilha Solteira,-20.4281001,-51.3410871
Ilha de Trindade,-20.507579,-29.3272765
Imbé,-29.975269,-50.128068
Iracema,-5.8106219,-38.3028294
Irati,-25.469663,-50.649287
Itapecerica da Serra,-23.7176303,-46.8492435
Itapetinga,-15.2454478,-40.2460053
Itapipoca,-3.3671279,-39.6159459
Itaporanga d´Ajuda,-10.9961671,-37.3045841
Itatiaia,-22.4431534,-44.5635213
Japorã,-23.8919161,-54.406888
Jeonju,35.8237631,127.1472805
João Neiva,-19.7570307,-40.3856633
Juruena,-10.3282716,-58.4968918
Juruá,-6.5241957,-69.5935285
Kayseri,38.7219011,35.4873214
Kobe,34.6932379,135.1943764
Kunming,25.0399353,102.7169061
KwaZulu-Natal,-28.503833,30.8875009
La Rioja,42.3285528,-2.4674917
Lago dos Rodrigues,-4.6119168,-44.9800419
Lahore,31.5656822,74.3141829
Lapa,-13.2498754,-43.4101019
Le Bourget,48.9351403,2.4258354
Lecce,40.1522173,18.2260628
Leopoldina,51.4872888,11.9629364
León,45.7578137,4.8320114
Limpopo,-23.4735288,29.3959199
Lompoc,34.6391501,-120.4579009
Luís Eduardo Magalhães,-12.0869117,-45.7834163
Magdeburg,52.1314783,11.6400789
Maharashtra,19.5670323,76.4164557
Maia,41.2373456,-8.6299982
Malmo,55.6052931,13.0001566
Mamanguape,-6.833698,-35.121316
Manchester - New Hampshire,42.9956397,-71.4547891
Maragogipe,-12.7782981,-38.9181807
Maranguape,-3.8922967,-38.6835427
Marechal Deodoro,-9.709715,-35.896731
Maricá,-22.9088758,-42.8171914
Mateus Leme,-19.986666,-44.428056
Mauá,-23.6669527,-46.4616922
Melgaço,42.1130412,-8.2593422
Midland - Michigan,43.6155825,-84.2472117
Midland - Texas,31.83688,-102.0103767
Minas Novas,-17.2174708,-42.5948332
Mirante da Serra,-11.0321694,-62.6717012
Missão Velha,-7.248491,-39.1434843
Monróvia,6.3203562,-10.8060492
Monte Alegre de Sergipe,-10.0277168,-37.5617249
Morelia-Michoacán,19.7027116,-101.1923818
Módena,44.6458885,10.9255707
Ndjamena,12.1191543,15.0502758
Nhamundá,-2.1921521,-56.7111308
Nobres,-14.7196233,-56.3351314
Nossa Senhora da Glória,-10.2188811,-37.4199759
Nova Lacerda,-14.4753855,-59.5881498
Nova Olinda do Norte,-3.8944658,-59.0883845
Novo Airão,-2.6260236,-60.9434406
Novo Mundo,-9.9752901,-55.1779717
Nuevo Laredo,27.479303,-99.5221081
Oakland - California,37.8044557,-122.271356
Ocaña,39.9586665,-3.5007717
Orange County - California,33.750631,-117.8722311
Oviedo,43.3533452,-5.8795096
Pedra Grande,-5.1508135,-35.8784127
Philipsburg - São Martinho,18.0250713,-63.0483073
Piumhi,-20.4675258,-45.9576125
Poitiers,46.5802596,0.340196
Polokwane,-23.9058333,29.4613889
Portalegre,39.2076447,-7.7215134
Porto Murtinho,-21.698078,-57.883586
Porto dos Gaúchos,-11.532999,-57.413233
Poá,-23.5249082,-46.3445663
Prestwick,55.4982802,-4.6113017
Primavera do Leste,-15.5614127,-54.2993946
Puerto Vallarta,20.6407176,-105.220306
Pão de Açúcar,-9.7496551,-37.4329891
Queimados,-22.7156978,-43.555754
Regina,50.4479733,-104.6158764
Restinga Seca,-29.8145611,-53.3734546
Reston - Virginia,38.953282,-77.3464516
Ribeirão Cascalheira,-12.9367641,-51.8246356
Rio Bonito do Iguaçu,-25.4903906,-52.5262069
Rio Pardo de Minas,-15.6106289,-42.5387444
Rio Real,-11.4845385,-37.9320704
Rio das Ostras,-22.5269448,-41.944972
Rissala,62.9860902,27.707018
Roseau,48.7710371,-95.7697882
Saint John's - Newfoundland and Labrador,47.5646794,-52.7066964
Saitama,35.9754168,139.4160114
Salamanca,40.9651572,-5.6640182
Samsun,41.2303557,35.9683338
Santa Fé de Antioquia,6.5401946,-75.9159851
Santa Isabel,3.741877,8.7740663
Santa Luzia,10.3060211,-66.6588487
Santo Antônio de Pádua,-21.539,-42.1816
Sapporo,43.061936,141.3542924
Serra Negra,-22.6126459,-46.699986
Shaoxing,29.9992425,120.576854
Shenyang,41.8026095,123.4279105
Siauliai,55.9340823,23.3157775
Southampton,50.9025349,-1.404189
Stans,46.9570611,8.3661026
Summerside,46.394259,-63.7892386
São Benedito,-4.0484353,-40.8646009
São Francisco do Conde,-12.628108,-38.6811326
São Francisco do Guaporé,-12.0609982,-63.5668307
São Geraldo do Araguaia,-6.3927847,-48.5630137
São Jerônimo da Serra,-23.7221275,-50.7389164
São José de Ribamar,-2.5609115,-44.0559509
São José dos Quatro Marcos,-15.627584,-58.177217
São João do Araguaia,-5.3617017,-48.7911109
São Luís do Piauí,-6.8263336,-41.3232207
São Miguel das Missões,-28.5451471,-54.5469209
São Salvador do Tocantins,-12.7503331,-48.2352148
TENERIFE,28.2935785,-16.6214471
Tailândia,-2.936096,-48.9523366
Tapira,-19.9225,-46.823056
Tasso Fragoso,-8.4729347,-45.7461798
Tecámac,19.7115011,-98.968354
Teixeira,-7.221036,-37.252477
Tianguá,-3.6583045,-40.9607223
Tianjin,39.3032619,117.4163641
Tijucas,-27.239404,-48.6353696
Timon,-5.1004341,-42.8312018
Tocantins,-10.8855129,-48.3716912
Tomé-Açu,-2.4166306,-48.1522907
Trento,46.1029536,11.1297425
Troy - Michigan,42.6055893,-83.1499304
Tumiritinga,-18.976946,-41.645851
Uarini,-2.9827061,-65.1578615
Vera Cruz,-29.7157235,-52.5007403
Vevey,46.4602978,6.8418655
Vicenza,45.6348591,11.4063543
Vitoria-Gasteiz,42.8505845,-2.66145
Vitória de Santo Antão,-8.1209019,-35.2944858
Wenzhou,27.9963899,120.695345
West Lafayette - Indiana,40.4258686,-86.9080655
Wilmington - Carolina do Norte,34.2352853,-77.9487284
Woburn - Massachusetts,42.4792618,-71.1522766
Yamaguchi,34.2379614,131.5873845
Yamanashi,35.6399328,138.6380495
Yangzhou,32.3968554,119.4077658
Yinchuan,38.4871699,106.2266569
Zapopan - Jalisco,20.7211203,-103.3913671
Zhuzhou,27.049812,113.55087
Zumpango de Ocampo,19.7972881,-99.1007274
